session_id,experiment_variant,converted,revenue
s1496,control,0,0
s12,control,0,0
s444,control,0,0
s2746,v1,0,0
s2486,v1,0,0
s2354,v1,0,0
s128,control,0,0
s2755,v1,0,0
s84,control,0,0
s1770,v1,0,0
s1964,v1,0,0
s2285,v1,0,0
s2592,v1,1,54.9
s357,control,0,0
s1595,v1,0,0
s2007,v1,0,0
s456,control,0,0
s237,control,0,0
s2604,v1,0,0
s1151,control,0,0
s1515,v1,0,0
s2351,v1,0,0
s1028,control,0,0
s2235,v1,0,0
s569,control,0,0
s1642,v1,0,0
s102,control,0,0
s1645,v1,0,0
s2081,v1,0,0
s909,control,0,0
s2131,v1,0,0
s156,control,0,0
s1701,v1,0,0
s1278,control,0,0
s1325,control,0,0
s753,control,0,0
s2783,v1,0,0
s2279,v1,0,0
s941,control,0,0
s2086,v1,1,74.21
s738,control,0,0
s412,control,0,0
s1846,v1,1,86.95
s155,control,0,0
s836,control,0,0
s311,control,0,0
s2357,v1,0,0
s429,control,0,0
s19,control,0,0
s2002,v1,0,0
s2369,v1,0,0
s247,control,0,0
s1107,control,0,0
s1778,v1,0,0
s77,control,0,0
s786,control,0,0
s1587,v1,0,0
s1535,v1,0,0
s241,control,0,0
s2299,v1,0,0
s688,control,0,0
s1425,control,0,0
s1056,control,0,0
s2685,v1,1,65.93
s2243,v1,0,0
s1747,v1,0,0
s503,control,0,0
s489,control,0,0
s1118,control,0,0
s896,control,0,0
s579,control,0,0
s1242,control,0,0
s2214,v1,0,0
s1265,control,0,0
s1203,control,0,0
s295,control,0,0
s930,control,0,0
s997,control,0,0
s2681,v1,0,0
s703,control,0,0
s1892,v1,0,0
s1601,v1,0,0
s2060,v1,0,0
s2490,v1,0,0
s2631,v1,0,0
s1458,control,0,0
s543,control,0,0
s853,control,0,0
s34,control,0,0
s634,control,0,0
s86,control,0,0
s55,control,0,0
s212,control,0,0
s2743,v1,0,0
s2225,v1,0,0
s1180,control,0,0
s2205,v1,0,0
s2426,v1,0,0
s2717,v1,0,0
s1397,control,0,0
s2880,v1,0,0
s46,control,0,0
s1732,v1,0,0
s781,control,0,0
s1416,control,0,0
s1029,control,0,0
s580,control,0,0
s2139,v1,0,0
s437,control,0,0
s2572,v1,0,0
s2427,v1,0,0
s1546,v1,0,0
s1378,control,0,0
s2180,v1,0,0
s980,control,0,0
s1074,control,0,0
s177,control,0,0
s105,control,0,0
s1953,v1,0,0
s1669,v1,0,0
s1364,control,0,0
s1652,v1,1,90.68
s146,control,0,0
s901,control,0,0
s1905,v1,0,0
s2821,v1,0,0
s1657,v1,0,0
s1590,v1,0,0
s236,control,0,0
s957,control,0,0
s239,control,1,54.24
s1828,v1,0,0
s83,control,0,0
s2213,v1,0,0
s2049,v1,0,0
s2078,v1,0,0
s1815,v1,0,0
s659,control,0,0
s864,control,0,0
s848,control,0,0
s1080,control,0,0
s1088,control,0,0
s1441,control,0,0
s913,control,0,0
s1714,v1,0,0
s2493,v1,0,0
s577,control,0,0
s2184,v1,0,0
s2958,v1,1,75.95
s950,control,0,0
s2642,v1,0,0
s2716,v1,0,0
s1405,control,0,0
s1521,v1,0,0
s1068,control,0,0
s954,control,0,0
s612,control,0,0
s695,control,0,0
s1418,control,0,0
s2722,v1,0,0
s2793,v1,0,0
s770,control,0,0
s1774,v1,0,0
s1970,v1,0,0
s2922,v1,0,0
s1922,v1,0,0
s198,control,0,0
s911,control,0,0
s1863,v1,0,0
s2348,v1,0,0
s758,control,0,0
s383,control,0,0
s1330,control,0,0
s2038,v1,0,0
s1093,control,0,0
s2052,v1,0,0
s1484,control,0,0
s2467,v1,0,0
s1867,v1,0,0
s2241,v1,0,0
s2517,v1,0,0
s2275,v1,0,0
s2177,v1,0,0
s2920,v1,0,0
s1836,v1,0,0
s845,control,0,0
s2489,v1,0,0
s2326,v1,0,0
s2815,v1,0,0
s2555,v1,0,0
s1757,v1,0,0
s1110,control,0,0
s902,control,0,0
s1980,v1,0,0
s1817,v1,0,0
s828,control,0,0
s2119,v1,0,0
s861,control,0,0
s2666,v1,0,0
s938,control,0,0
s1659,v1,0,0
s189,control,1,41.42
s2991,v1,0,0
s2918,v1,0,0
s1845,v1,1,21.97
s2201,v1,0,0
s338,control,1,51.9
s2487,v1,0,0
s536,control,0,0
s1229,control,0,0
s1266,control,0,0
s2576,v1,0,0
s1712,v1,0,0
s2257,v1,1,65.94
s1024,control,0,0
s2407,v1,0,0
s874,control,1,56.3
s1911,v1,0,0
s534,control,0,0
s889,control,0,0
s440,control,1,51.09
s1763,v1,1,45.97
s1131,control,0,0
s1637,v1,0,0
s679,control,0,0
s949,control,0,0
s2233,v1,0,0
s1431,control,0,0
s1385,control,0,0
s1635,v1,1,40.61
s1877,v1,1,68.55
s2776,v1,0,0
s426,control,0,0
s1261,control,0,0
s2782,v1,0,0
s1963,v1,0,0
s685,control,0,0
s2311,v1,0,0
s2637,v1,0,0
s1022,control,0,0
s2055,v1,0,0
s2340,v1,0,0
s1046,control,0,0
s1840,v1,0,0
s2676,v1,0,0
s2791,v1,0,0
s2647,v1,0,0
s1267,control,0,0
s1162,control,0,0
s2901,v1,0,0
s2041,v1,0,0
s2529,v1,0,0
s290,control,0,0
s1561,v1,0,0
s689,control,0,0
s2882,v1,0,0
s2120,v1,0,0
s691,control,0,0
s1772,v1,0,0
s1052,control,0,0
s665,control,0,0
s1154,control,0,0
s667,control,0,0
s851,control,0,0
s2686,v1,0,0
s464,control,0,0
s2952,v1,0,0
s1685,v1,0,0
s2734,v1,0,0
s545,control,0,0
s435,control,0,0
s1146,control,0,0
s1667,v1,0,0
s2022,v1,0,0
s1957,v1,0,0
s2277,v1,0,0
s334,control,0,0
s2474,v1,0,0
s2934,v1,1,55.08
s2445,v1,0,0
s805,control,0,0
s2970,v1,0,0
s900,control,0,0
s2398,v1,0,0
s568,control,0,0
s2727,v1,0,0
s2585,v1,0,0
s10,control,0,0
s447,control,0,0
s2288,v1,0,0
s1792,v1,0,0
s2629,v1,0,0
s1808,v1,0,0
s1160,control,0,0
s2065,v1,0,0
s1206,control,0,0
s605,control,0,0
s2847,v1,0,0
s415,control,0,0
s271,control,0,0
s2754,v1,0,0
s2536,v1,1,42.43
s1,control,0,0
s133,control,0,0
s1887,v1,0,0
s1833,v1,0,0
s33,control,0,0
s1222,control,0,0
s1934,v1,0,0
s1482,control,0,0
s727,control,0,0
s2503,v1,0,0
s201,control,0,0
s356,control,0,0
s1164,control,0,0
s2578,v1,0,0
s2577,v1,0,0
s2208,v1,0,0
s1653,v1,0,0
s2984,v1,0,0
s1098,control,0,0
s1662,v1,0,0
s1320,control,0,0
s52,control,0,0
s1413,control,0,0
s1584,v1,1,60.7
s903,control,0,0
s2975,v1,0,0
s107,control,0,0
s1578,v1,0,0
s1945,v1,0,0
s1248,control,1,77.67
s2446,v1,0,0
s2584,v1,0,0
s448,control,0,0
s1921,v1,0,0
s1573,v1,0,0
s1639,v1,0,0
s1351,control,0,0
s2036,v1,0,0
s2542,v1,0,0
s2464,v1,0,0
s2961,v1,0,0
s2397,v1,0,0
s793,control,0,0
s126,control,0,0
s2313,v1,0,0
s1526,v1,0,0
s1344,control,0,0
s792,control,0,0
s1179,control,1,88.55
s1704,v1,0,0
s2634,v1,0,0
s1881,v1,0,0
s2513,v1,0,0
s1524,v1,0,0
s2701,v1,0,0
s1530,v1,0,0
s637,control,0,0
s1759,v1,0,0
s2195,v1,0,0
s1996,v1,0,0
s2860,v1,0,0
s1729,v1,0,0
s1709,v1,0,0
s260,control,0,0
s92,control,0,0
s254,control,0,0
s2039,v1,0,0
s172,control,0,0
s2810,v1,0,0
s474,control,0,0
s1636,v1,0,0
s604,control,0,0
s2636,v1,1,59.56
s221,control,0,0
s1742,v1,0,0
s1843,v1,0,0
s1644,v1,0,0
s1579,v1,0,0
s766,control,0,0
s2997,v1,0,0
s638,control,0,0
s1837,v1,0,0
s1467,control,0,0
s1338,control,0,0
s2016,v1,0,0
s2123,v1,0,0
s765,control,0,0
s1342,control,0,0
s1885,v1,0,0
s1137,control,0,0
s502,control,0,0
s1352,control,0,0
s1856,v1,0,0
s2436,v1,0,0
s378,control,0,0
s680,control,0,0
s1901,v1,0,0
s2080,v1,0,0
s1795,v1,0,0
s1866,v1,0,0
s1249,control,0,0
s761,control,0,0
s1085,control,0,0
s2927,v1,0,0
s1968,v1,0,0
s1527,v1,0,0
s823,control,0,0
s1956,v1,0,0
s2216,v1,0,0
s1214,control,0,0
s1373,control,0,0
s1585,v1,0,0
s2024,v1,0,0
s1702,v1,0,0
s388,control,0,0
s1656,v1,0,0
s806,control,0,0
s1507,v1,0,0
s2944,v1,0,0
s1627,v1,0,0
s963,control,0,0
s48,control,0,0
s2204,v1,0,0
s417,control,0,0
s1347,control,1,40.67
s1251,control,0,0
s1558,v1,0,0
s1902,v1,0,0
s2977,v1,0,0
s1368,control,0,0
s783,control,0,0
s2095,v1,0,0
s45,control,0,0
s1430,control,0,0
s2719,v1,0,0
s2766,v1,0,0
s1291,control,0,0
s850,control,0,0
s2684,v1,0,0
s1407,control,0,0
s852,control,0,0
s671,control,0,0
s2269,v1,0,0
s2106,v1,0,0
s2995,v1,0,0
s2040,v1,0,0
s1332,control,0,0
s2809,v1,0,0
s1900,v1,0,0
s199,control,0,0
s1020,control,0,0
s291,control,0,0
s2287,v1,0,0
s229,control,0,0
s1784,v1,0,0
s2332,v1,0,0
s2545,v1,0,0
s2207,v1,0,0
s1027,control,0,0
s532,control,0,0
s67,control,0,0
s1254,control,0,0
s453,control,0,0
s1393,control,0,0
s2390,v1,0,0
s1810,v1,0,0
s1862,v1,0,0
s279,control,0,0
s572,control,0,0
s469,control,0,0
s1487,control,0,0
s1982,v1,0,0
s272,control,0,0
s1576,v1,0,0
s2228,v1,0,0
s2294,v1,0,0
s2608,v1,0,0
s715,control,0,0
s2444,v1,0,0
s505,control,0,0
s1193,control,0,0
s1726,v1,0,0
s2828,v1,0,0
s423,control,0,0
s690,control,0,0
s2624,v1,0,0
s2114,v1,0,0
s1350,control,0,0
s297,control,0,0
s2494,v1,0,0
s1749,v1,0,0
s2249,v1,0,0
s2159,v1,0,0
s151,control,1,43.04
s2141,v1,0,0
s716,control,0,0
s392,control,0,0
s135,control,1,55.65
s2816,v1,0,0
s832,control,0,0
s68,control,0,0
s2329,v1,0,0
s664,control,0,0
s1102,control,0,0
s220,control,0,0
s1434,control,1,38.06
s371,control,0,0
s1519,v1,0,0
s1767,v1,1,47.77
s2129,v1,0,0
s2917,v1,0,0
s705,control,0,0
s608,control,0,0
s2187,v1,0,0
s1673,v1,0,0
s404,control,0,0
s796,control,0,0
s91,control,0,0
s1668,v1,0,0
s511,control,0,0
s2557,v1,0,0
s1427,control,0,0
s24,control,0,0
s307,control,0,0
s2966,v1,0,0
s1493,control,0,0
s1060,control,0,0
s645,control,0,0
s1592,v1,0,0
s248,control,0,0
s184,control,0,0
s2912,v1,0,0
s1114,control,0,0
s2392,v1,0,0
s2850,v1,0,0
s1781,v1,0,0
s233,control,0,0
s749,control,0,0
s1788,v1,0,0
s2841,v1,0,0
s129,control,0,0
s2237,v1,0,0
s1814,v1,0,0
s1773,v1,0,0
s2057,v1,0,0
s451,control,0,0
s1903,v1,0,0
s1176,control,0,0
s2702,v1,0,0
s180,control,0,0
s1723,v1,0,0
s1475,control,0,0
s2290,v1,0,0
s594,control,0,0
s972,control,0,0
s1453,control,0,0
s617,control,0,0
s2665,v1,0,0
s7,control,0,0
s2744,v1,0,0
s2888,v1,0,0
s1758,v1,0,0
s345,control,0,0
s28,control,0,0
s58,control,0,0
s863,control,0,0
s1305,control,0,0
s2506,v1,0,0
s389,control,0,0
s1435,control,0,0
s2871,v1,0,0
s2293,v1,0,0
s1693,v1,0,0
s1647,v1,0,0
s1528,v1,0,0
s1893,v1,0,0
s2005,v1,0,0
s1949,v1,0,0
s270,control,0,0
s2570,v1,0,0
s224,control,0,0
s42,control,0,0
s873,control,0,0
s1553,v1,0,0
s203,control,0,0
s1510,v1,0,0
s1705,v1,0,0
s2795,v1,0,0
s944,control,0,0
s111,control,0,0
s597,control,0,0
s1632,v1,0,0
s2090,v1,0,0
s910,control,0,0
s2796,v1,0,0
s2069,v1,0,0
s2526,v1,0,0
s262,control,0,0
s1356,control,0,0
s1362,control,0,0
s1366,control,0,0
s1451,control,0,0
s2093,v1,0,0
s1565,v1,0,0
s431,control,0,0
s358,control,0,0
s2842,v1,0,0
s2342,v1,0,0
s649,control,0,0
s2321,v1,0,0
s377,control,0,0
s1138,control,0,0
s2949,v1,0,0
s2736,v1,0,0
s998,control,0,0
s2658,v1,0,0
s1289,control,0,0
s1148,control,0,0
s558,control,0,0
s2349,v1,0,0
s1479,control,0,0
s1988,v1,0,0
s1301,control,0,0
s1448,control,0,0
s2099,v1,1,62.78
s2601,v1,0,0
s2915,v1,0,0
s1993,v1,0,0
s414,control,0,0
s1708,v1,0,0
s1720,v1,0,0
s1711,v1,0,0
s2530,v1,0,0
s533,control,0,0
s1897,v1,0,0
s2267,v1,0,0
s2938,v1,0,0
s1372,control,0,0
s1243,control,0,0
s837,control,0,0
s2162,v1,0,0
s1483,control,0,0
s1834,v1,0,0
s2250,v1,0,0
s2846,v1,0,0
s1155,control,0,0
s1918,v1,1,45.05
s1927,v1,0,0
s2281,v1,0,0
s1841,v1,0,0
s160,control,0,0
s777,control,0,0
s1690,v1,0,0
s1316,control,0,0
s1324,control,0,0
s2674,v1,0,0
s1736,v1,0,0
s2664,v1,1,65.35
s1529,v1,0,0
s1436,control,0,0
s2381,v1,0,0
s2908,v1,0,0
s1581,v1,0,0
s2591,v1,0,0
s1235,control,0,0
s2524,v1,0,0
s1549,v1,0,0
s2724,v1,0,0
s2837,v1,0,0
s1035,control,0,0
s1977,v1,0,0
s1541,v1,0,0
s1218,control,0,0
s1260,control,0,0
s1450,control,0,0
s961,control,0,0
s82,control,0,0
s2158,v1,0,0
s2030,v1,0,0
s952,control,0,0
s962,control,0,0
s676,control,0,0
s2156,v1,0,0
s1854,v1,0,0
s892,control,0,0
s1906,v1,0,0
s472,control,0,0
s2370,v1,0,0
s2514,v1,0,0
s907,control,0,0
s1099,control,0,0
s1832,v1,0,0
s1158,control,0,0
s2108,v1,0,0
s1649,v1,0,0
s1495,control,0,0
s1873,v1,0,0
s2523,v1,0,0
s2889,v1,0,0
s1456,control,1,52.54
s25,control,1,56.88
s2900,v1,0,0
s814,control,0,0
s2295,v1,0,0
s2460,v1,0,0
s2192,v1,0,0
s1610,v1,0,0
s35,control,0,0
s1471,control,0,0
s127,control,0,0
s2725,v1,0,0
s1864,v1,0,0
s1447,control,0,0
s975,control,0,0
s1051,control,0,0
s2910,v1,0,0
s2720,v1,0,0
s1580,v1,0,0
s331,control,0,0
s626,control,0,0
s585,control,0,0
s696,control,0,0
s266,control,0,0
s1025,control,1,73.17
s2928,v1,0,0
s1097,control,0,0
s808,control,0,0
s1312,control,0,0
s2537,v1,0,0
s282,control,0,0
s868,control,0,0
s2763,v1,0,0
s97,control,0,0
s2389,v1,0,0
s2229,v1,0,0
s1144,control,0,0
s313,control,0,0
s314,control,0,0
s878,control,0,0
s2190,v1,0,0
s499,control,0,0
s1797,v1,0,0
s2286,v1,0,0
s2752,v1,0,0
s299,control,0,0
s1684,v1,0,0
s1566,v1,0,0
s1599,v1,0,0
s2478,v1,0,0
s673,control,1,63.33
s601,control,0,0
s801,control,0,0
s740,control,0,0
s167,control,0,0
s2989,v1,0,0
s1786,v1,0,0
s1978,v1,0,0
s607,control,0,0
s2935,v1,0,0
s857,control,0,0
s1699,v1,0,0
s905,control,0,0
s1011,control,0,0
s484,control,0,0
s684,control,0,0
s267,control,0,0
s2479,v1,0,0
s1955,v1,0,0
s2164,v1,0,0
s1117,control,0,0
s2027,v1,0,0
s2801,v1,0,0
s2347,v1,0,0
s628,control,0,0
s1050,control,0,0
s1614,v1,0,0
s1313,control,0,0
s555,control,0,0
s95,control,0,0
s2261,v1,0,0
s400,control,0,0
s707,control,0,0
s2344,v1,0,0
s355,control,0,0
s2063,v1,0,0
s2574,v1,0,0
s2215,v1,0,0
s829,control,0,0
s406,control,0,0
s635,control,0,0
s1919,v1,0,0
s1282,control,0,0
s328,control,0,0
s3,control,0,0
s2166,v1,0,0
s652,control,0,0
s375,control,0,0
s732,control,0,0
s1143,control,0,0
s2596,v1,0,0
s2169,v1,0,0
s514,control,0,0
s64,control,0,0
s2496,v1,0,0
s1217,control,0,0
s2458,v1,0,0
s1384,control,0,0
s2423,v1,0,0
s2291,v1,0,0
s2670,v1,0,0
s2806,v1,0,0
s677,control,0,0
s2673,v1,0,0
s487,control,0,0
s708,control,0,0
s2263,v1,0,0
s843,control,0,0
s483,control,0,0
s710,control,0,0
s2909,v1,0,0
s744,control,0,0
s1194,control,0,0
s537,control,0,0
s2764,v1,0,0
s43,control,0,0
s2239,v1,0,0
s2422,v1,1,51.85
s2863,v1,0,0
s2402,v1,0,0
s1813,v1,0,0
s2965,v1,0,0
s1983,v1,0,0
s846,control,0,0
s872,control,0,0
s430,control,0,0
s1961,v1,0,0
s1523,v1,0,0
s2715,v1,0,0
s1172,control,0,0
s132,control,0,0
s759,control,0,0
s1094,control,0,0
s1805,v1,0,0
s2252,v1,0,0
s2130,v1,0,0
s1924,v1,0,0
s771,control,1,65.25
s1935,v1,0,0
s1748,v1,0,0
s2103,v1,0,0
s2230,v1,0,0
s2222,v1,0,0
s1589,v1,0,0
s751,control,0,0
s238,control,0,0
s2363,v1,0,0
s2784,v1,0,0
s625,control,0,0
s1294,control,0,0
s875,control,0,0
s2211,v1,0,0
s2849,v1,1,62.13
s250,control,0,0
s1612,v1,0,0
s2771,v1,0,0
s2356,v1,0,0
s1293,control,0,0
s185,control,0,0
s1170,control,0,0
s2274,v1,0,0
s2128,v1,0,0
s1942,v1,0,0
s2319,v1,0,0
s2256,v1,0,0
s639,control,0,0
s1187,control,0,0
s463,control,0,0
s882,control,0,0
s1128,control,0,0
s150,control,0,0
s1340,control,0,0
s2325,v1,0,0
s479,control,0,0
s596,control,0,0
s292,control,0,0
s2826,v1,0,0
s925,control,0,0
s1277,control,0,0
s1339,control,0,0
s1989,v1,0,0
s1062,control,0,0
s1175,control,0,0
s567,control,0,0
s2982,v1,0,0
s1295,control,0,0
s2769,v1,0,0
s1017,control,0,0
s575,control,0,0
s1655,v1,0,0
s1443,control,0,0
s1491,control,1,62.42
s1615,v1,0,0
s1780,v1,0,0
s2979,v1,0,0
s719,control,0,0
s2292,v1,0,0
s2497,v1,0,0
s1842,v1,0,0
s136,control,0,0
s1488,control,0,0
s1225,control,0,0
s2589,v1,0,0
s613,control,0,0
s246,control,0,0
s2818,v1,0,0
s619,control,0,0
s2,control,0,0
s2768,v1,1,73.62
s1730,v1,0,0
s2868,v1,0,0
s2671,v1,0,0
s1152,control,0,0
s1613,v1,0,0
s1835,v1,0,0
s1403,control,0,0
s1740,v1,0,0
s1387,control,0,0
s627,control,0,0
s1032,control,0,0
s2740,v1,0,0
s1533,v1,0,0
s2304,v1,0,0
s2969,v1,0,0
s2623,v1,0,0
s2391,v1,0,0
s2010,v1,0,0
s1185,control,0,0
s660,control,0,0
s98,control,0,0
s38,control,0,0
s1513,v1,0,0
s298,control,0,0
s1914,v1,0,0
s1318,control,0,0
s973,control,0,0
s1769,v1,0,0
s1045,control,0,0
s862,control,0,0
s493,control,0,0
s1319,control,0,0
s2659,v1,0,0
s720,control,0,0
s403,control,0,0
s1086,control,0,0
s795,control,0,0
s1031,control,0,0
s507,control,0,0
s218,control,0,0
s600,control,0,0
s1950,v1,0,0
s2465,v1,0,0
s521,control,0,0
s408,control,0,0
s1371,control,0,0
s324,control,0,0
s1300,control,0,0
s1404,control,0,0
s2987,v1,0,0
s1083,control,0,0
s2240,v1,0,0
s148,control,1,77.41
s2775,v1,0,0
s2254,v1,0,0
s2843,v1,0,0
s452,control,0,0
s1343,control,0,0
s1331,control,0,0
s1181,control,0,0
s2947,v1,0,0
s1947,v1,0,0
s642,control,0,0
s2345,v1,0,0
s88,control,0,0
s2894,v1,0,0
s2104,v1,0,0
s2116,v1,0,0
s2663,v1,0,0
s616,control,0,0
s1135,control,0,0
s381,control,0,0
s2613,v1,0,0
s1410,control,0,0
s1787,v1,0,0
s144,control,0,0
s2346,v1,0,0
s2690,v1,0,0
s152,control,0,0
s2532,v1,0,0
s2459,v1,0,0
s2713,v1,0,0
s1216,control,0,0
s2697,v1,0,0
s1424,control,0,0
s2382,v1,0,0
s2683,v1,0,0
s2562,v1,0,0
s2194,v1,0,0
s106,control,0,0
s74,control,0,0
s1189,control,0,0
s120,control,0,0
s2425,v1,0,0
s1021,control,0,0
s2043,v1,1,14.7
s2962,v1,1,54.59
s2223,v1,0,0
s1844,v1,0,0
s1825,v1,0,0
s1559,v1,0,0
s1116,control,0,0
s1722,v1,0,0
s1159,control,0,0
s2461,v1,0,0
s2384,v1,0,0
s977,control,0,0
s441,control,0,0
s149,control,1,81.64
s251,control,0,0
s2165,v1,0,0
s187,control,0,0
s1663,v1,0,0
s348,control,0,0
s2282,v1,0,0
s2401,v1,0,0
s1622,v1,0,0
s162,control,0,0
s196,control,1,45.75
s693,control,0,0
s2242,v1,0,0
s584,control,0,0
s2953,v1,0,0
s2765,v1,1,65.64
s1234,control,0,0
s165,control,0,0
s2653,v1,0,0
s1188,control,0,0
s779,control,0,0
s629,control,0,0
s884,control,0,0
s17,control,0,0
s2079,v1,0,0
s662,control,0,0
s1231,control,0,0
s2395,v1,0,0
s1238,control,0,0
s1357,control,0,0
s1111,control,0,0
s1568,v1,0,0
s698,control,0,0
s1853,v1,0,0
s2410,v1,0,0
s1481,control,0,0
s1851,v1,0,0
s1695,v1,0,0
s283,control,0,0
s2886,v1,0,0
s2552,v1,0,0
s9,control,0,0
s735,control,0,0
s1518,v1,0,0
s2003,v1,0,0
s1875,v1,0,0
s1904,v1,0,0
s418,control,0,0
s2182,v1,0,0
s1679,v1,0,0
s1822,v1,0,0
s395,control,0,0
s2009,v1,0,0
s2418,v1,0,0
s752,control,0,0
s2044,v1,0,0
s990,control,0,0
s1619,v1,0,0
s2037,v1,0,0
s264,control,0,0
s624,control,0,0
s178,control,0,0
s2136,v1,0,0
s1544,v1,0,0
s1004,control,0,0
s2059,v1,0,0
s2855,v1,0,0
s439,control,0,0
s104,control,0,0
s1250,control,0,0
s1594,v1,0,0
s736,control,0,0
s2599,v1,1,57.33
s419,control,0,0
s1283,control,0,0
s1173,control,0,0
s50,control,0,0
s1121,control,0,0
s1603,v1,0,0
s130,control,0,0
s288,control,0,0
s2066,v1,0,0
s657,control,0,0
s170,control,0,0
s2594,v1,0,0
s743,control,0,0
s2140,v1,0,0
s443,control,0,0
s1634,v1,0,0
s1374,control,0,0
s2561,v1,0,0
s2168,v1,0,0
s2780,v1,0,0
s610,control,0,0
s2202,v1,0,0
s2077,v1,0,0
s1333,control,0,0
s1975,v1,0,0
s2336,v1,0,0
s286,control,0,0
s2959,v1,0,0
s1967,v1,0,0
s2226,v1,0,0
s914,control,0,0
s2309,v1,0,0
s1562,v1,0,0
s2338,v1,0,0
s959,control,0,0
s2956,v1,0,0
s2227,v1,0,0
s2042,v1,0,0
s2660,v1,0,0
s528,control,0,0
s1219,control,0,0
s2662,v1,0,0
s157,control,0,0
s2750,v1,0,0
s2516,v1,0,0
s1830,v1,0,0
s458,control,0,0
s769,control,0,0
s330,control,0,0
s73,control,0,0
s656,control,0,0
s354,control,0,0
s2838,v1,0,0
s985,control,0,0
s2377,v1,0,0
s1381,control,0,0
s2170,v1,0,0
s168,control,0,0
s529,control,0,0
s2840,v1,0,0
s2499,v1,0,0
s1557,v1,0,0
s2144,v1,0,0
s2538,v1,0,0
s228,control,0,0
s1889,v1,0,0
s748,control,0,0
s1497,control,1,65.9
s2556,v1,0,0
s71,control,0,0
s360,control,0,0
s2904,v1,0,0
s2470,v1,0,0
s240,control,0,0
s116,control,0,0
s176,control,0,0
s2803,v1,0,0
s2586,v1,0,0
s1995,v1,0,0
s1433,control,0,0
s1724,v1,0,0
s1973,v1,0,0
s294,control,0,0
s935,control,1,72.39
s2839,v1,0,0
s2885,v1,0,0
s434,control,0,0
s123,control,0,0
s2468,v1,0,0
s2978,v1,0,0
s2940,v1,0,0
s2830,v1,0,0
s1870,v1,0,0
s2394,v1,0,0
s937,control,0,0
s340,control,0,0
s2730,v1,0,0
s2272,v1,0,0
s1743,v1,0,0
s1042,control,0,0
s1925,v1,0,0
s223,control,0,0
s1855,v1,0,0
s2887,v1,0,0
s799,control,0,0
s79,control,0,0
s1516,v1,0,0
s1023,control,0,0
s405,control,0,0
s2862,v1,0,0
s2031,v1,0,0
s844,control,0,0
s100,control,0,0
s1047,control,0,0
s1871,v1,0,0
s1421,control,0,0
s2132,v1,0,0
s1314,control,0,0
s934,control,0,0
s1039,control,0,0
s2331,v1,0,0
s308,control,0,0
s2297,v1,0,0
s1882,v1,1,88.57
s2306,v1,0,0
s1596,v1,0,0
s53,control,0,0
s2067,v1,0,0
s2441,v1,0,0
s2320,v1,0,0
s794,control,0,0
s2314,v1,0,0
s1053,control,0,0
s1753,v1,0,0
s1651,v1,0,0
s2945,v1,0,0
s2698,v1,0,0
s1755,v1,0,0
s2011,v1,0,0
s1509,v1,0,0
s1382,control,0,0
s1765,v1,0,0
s2475,v1,0,0
s2657,v1,0,0
s2587,v1,1,58.83
s2058,v1,0,0
s200,control,0,0
s838,control,0,0
s1308,control,0,0
s1184,control,0,0
s215,control,0,0
s2568,v1,0,0
s101,control,0,0
s1288,control,0,0
s1394,control,0,0
s791,control,0,0
s76,control,0,0
s2745,v1,0,0
s1560,v1,0,0
s4,control,0,0
s2933,v1,0,0
s804,control,0,0
s1979,v1,0,0
s2573,v1,0,0
s1643,v1,0,0
s2385,v1,0,0
s2276,v1,0,0
s2121,v1,0,0
s661,control,0,0
s982,control,0,0
s800,control,0,0
s232,control,0,0
s1168,control,0,0
s2414,v1,0,0
s1363,control,0,0
s2050,v1,0,0
s1091,control,0,0
s1868,v1,0,0
s2547,v1,0,0
s352,control,0,0
s1731,v1,0,0
s978,control,0,0
s304,control,0,0
s1912,v1,0,0
s2107,v1,0,0
s277,control,0,0
s1115,control,0,0
s893,control,0,0
s2749,v1,0,0
s1738,v1,0,0
s1361,control,0,0
s2138,v1,0,0
s2595,v1,0,0
s1082,control,0,0
s1992,v1,0,0
s217,control,0,0
s394,control,0,0
s798,control,0,0
s1802,v1,0,0
s2505,v1,0,0
s578,control,0,0
s2186,v1,0,0
s633,control,0,0
s1485,control,0,0
s2360,v1,0,0
s2148,v1,0,0
s1543,v1,0,0
s609,control,0,0
s2788,v1,1,70.61
s1005,control,0,0
s2096,v1,0,0
s1092,control,0,0
s2420,v1,0,0
s2210,v1,0,0
s193,control,0,0
s2825,v1,0,0
s2316,v1,0,0
s54,control,0,0
s1878,v1,0,0
s235,control,0,0
s588,control,0,0
s2439,v1,0,0
s2317,v1,0,0
s1593,v1,0,0
s623,control,0,0
s772,control,0,0
s1734,v1,0,0
s1285,control,0,0
s1944,v1,0,0
s2895,v1,0,0
s1816,v1,0,0
s2296,v1,0,0
s1297,control,0,0
s2597,v1,0,0
s2032,v1,0,0
s1096,control,1,28.87
s125,control,0,0
s2399,v1,0,0
s1886,v1,0,0
s714,control,0,0
s682,control,0,0
s636,control,0,0
s1555,v1,0,0
s2618,v1,0,0
s1713,v1,0,0
s2747,v1,0,0
s1182,control,0,0
s1375,control,0,0
s1640,v1,0,0
s1789,v1,0,0
s482,control,0,0
s2135,v1,0,0
s303,control,0,0
s166,control,0,0
s1939,v1,0,0
s108,control,0,0
s994,control,0,0
s2248,v1,0,0
s1827,v1,0,0
s2092,v1,0,0
s1001,control,0,0
s1686,v1,0,0
s737,control,0,0
s2748,v1,0,0
s2404,v1,0,0
s1958,v1,0,0
s2117,v1,0,0
s747,control,0,0
s57,control,0,0
s2440,v1,0,0
s940,control,0,0
s2644,v1,0,0
s346,control,0,0
s2118,v1,0,0
s928,control,0,0
s787,control,0,0
s553,control,0,0
s1478,control,0,0
s2609,v1,0,0
s424,control,0,0
s1943,v1,0,0
s362,control,0,0
s1674,v1,0,0
s725,control,0,0
s2149,v1,1,47.07
s192,control,0,0
s1353,control,0,0
s820,control,0,0
s323,control,0,0
s2161,v1,0,0
s498,control,0,0
s742,control,0,0
s621,control,0,0
s686,control,0,0
s504,control,0,0
s1480,control,0,0
s2731,v1,0,0
s790,control,0,0
s618,control,0,0
s319,control,0,0
s1727,v1,1,47.41
s2957,v1,0,0
s2046,v1,0,0
s824,control,0,0
s2452,v1,0,0
s887,control,0,0
s401,control,0,0
s500,control,0,0
s2510,v1,0,0
s2672,v1,0,0
s587,control,0,0
s1798,v1,1,79.91
s1683,v1,0,0
s768,control,0,0
s1247,control,1,72.13
s2612,v1,1,50.4
s825,control,1,26.62
s931,control,0,0
s1670,v1,0,0
s1311,control,0,0
s1931,v1,0,0
s797,control,0,0
s1806,v1,0,0
s2703,v1,1,71.54
s1628,v1,0,0
s306,control,0,0
s2361,v1,0,0
s1469,control,0,0
s2433,v1,0,0
s721,control,0,0
s89,control,0,0
s1588,v1,0,0
s496,control,0,0
s964,control,0,0
s2929,v1,0,0
s524,control,0,0
s2199,v1,0,0
s1454,control,0,0
s2876,v1,0,0
s2488,v1,0,0
s1287,control,0,0
s1061,control,0,0
s421,control,0,0
s2963,v1,0,0
s1532,v1,0,0
s702,control,0,0
s1876,v1,0,0
s2070,v1,0,0
s2416,v1,0,0
s1607,v1,0,0
s1888,v1,0,0
s131,control,0,0
s2328,v1,0,0
s1920,v1,0,0
s1069,control,0,0
s2986,v1,0,0
s1169,control,0,0
s1165,control,0,0
s2777,v1,0,0
s778,control,0,0
s1890,v1,0,0
s860,control,0,0
s1205,control,0,0
s1461,control,0,0
s2819,v1,0,0
s1745,v1,0,0
s2412,v1,0,0
s1190,control,0,0
s2639,v1,0,0
s526,control,0,0
s2082,v1,0,0
s2833,v1,0,0
s1365,control,0,0
s1360,control,0,0
s593,control,0,0
s2142,v1,0,0
s1602,v1,0,0
s462,control,0,0
s776,control,0,0
s2851,v1,0,0
s1591,v1,0,0
s2712,v1,1,78.45
s2482,v1,0,0
s1072,control,0,0
s1380,control,0,0
s1315,control,1,36.25
s2951,v1,0,0
s2437,v1,0,0
s1697,v1,0,0
s2914,v1,0,0
s1341,control,0,0
s40,control,0,0
s573,control,0,0
s1848,v1,0,0
s158,control,0,0
s154,control,0,0
s281,control,0,0
s1104,control,0,0
s976,control,0,0
s2761,v1,0,0
s570,control,0,0
s2778,v1,0,0
s576,control,0,0
s2560,v1,0,0
s1625,v1,0,0
s1065,control,0,0
s1141,control,0,0
s477,control,0,0
s856,control,0,0
s550,control,0,0
s427,control,0,0
s1531,v1,0,0
s2616,v1,0,0
s2434,v1,0,0
s2897,v1,0,0
s2627,v1,0,0
s1388,control,0,0
s1910,v1,0,0
s834,control,0,0
s1197,control,0,0
s1486,control,0,0
s1134,control,0,0
s44,control,0,0
s2429,v1,0,0
s2327,v1,0,0
s1540,v1,0,0
s137,control,0,0
s918,control,0,0
s2015,v1,1,57.81
s643,control,0,0
s958,control,0,0
s653,control,0,0
s284,control,0,0
s1658,v1,0,0
s1428,control,0,0
s622,control,0,0
s2028,v1,0,0
s491,control,0,0
s880,control,0,0
s724,control,0,0
s1244,control,0,0
s1962,v1,0,0
s2428,v1,0,0
s309,control,0,0
s2018,v1,0,0
s1304,control,1,61.9
s1700,v1,0,0
s1678,v1,0,0
s1354,control,0,0
s2902,v1,0,0
s210,control,0,0
s2799,v1,0,0
s2625,v1,0,0
s1081,control,0,0
s2134,v1,0,0
s1414,control,1,53.1
s2735,v1,0,0
s2456,v1,0,0
s750,control,0,0
s1089,control,0,0
s2726,v1,0,0
s842,control,0,0
s981,control,0,0
s1323,control,0,0
s2101,v1,0,0
s1156,control,0,0
s1569,v1,0,0
s1303,control,0,0
s2212,v1,1,70.47
s943,control,0,0
s1014,control,0,0
s2643,v1,0,0
s1075,control,0,0
s589,control,1,71.28
s385,control,0,0
s2373,v1,0,0
s140,control,0,0
s459,control,0,0
s1691,v1,0,0
s1070,control,0,0
s1664,v1,0,0
s2805,v1,0,0
s1959,v1,0,0
s2772,v1,0,0
s1972,v1,0,0
s1041,control,0,0
s2870,v1,0,0
s2669,v1,0,0
s1572,v1,0,0
s1034,control,0,0
s2176,v1,0,0
s2337,v1,0,0
s2255,v1,0,0
s139,control,0,0
s960,control,0,0
s1719,v1,0,0
s2854,v1,0,0
s2371,v1,0,0
s350,control,0,0
s1358,control,0,0
s2988,v1,0,0
s1504,v1,0,0
s1567,v1,0,0
s26,control,0,0
s1492,control,0,0
s754,control,0,0
s620,control,0,0
s1142,control,0,0
s280,control,0,0
s51,control,0,0
s1536,v1,0,0
s2221,v1,0,0
s454,control,0,0
s2804,v1,0,0
s243,control,0,0
s1290,control,0,0
s1174,control,0,0
s320,control,0,0
s728,control,0,0
s1514,v1,1,55.41
s2341,v1,0,0
s1775,v1,0,0
s1220,control,0,0
s879,control,0,0
s2711,v1,0,0
s2650,v1,0,0
s2610,v1,0,0
s1239,control,0,0
s1631,v1,0,0
s1008,control,0,0
s2790,v1,0,0
s1463,control,0,0
s1129,control,0,0
s756,control,0,0
s1605,v1,0,0
s1066,control,0,0
s871,control,0,0
s1109,control,0,0
s2343,v1,0,0
s1464,control,0,0
s883,control,0,0
s1067,control,0,0
s1224,control,1,63.81
s2301,v1,0,0
s508,control,0,0
s37,control,0,0
s827,control,0,0
s2892,v1,1,64.45
s2405,v1,0,0
s2973,v1,0,0
s939,control,0,0
s1715,v1,0,0
s1049,control,0,0
s2483,v1,0,0
s987,control,0,0
s1620,v1,0,0
s14,control,0,0
s726,control,0,0
s1583,v1,0,0
s449,control,0,0
s1794,v1,0,0
s731,control,0,0
s2651,v1,0,0
s141,control,0,0
s1971,v1,0,0
s2258,v1,0,0
s1750,v1,0,0
s668,control,0,0
s2620,v1,0,0
s2333,v1,1,59.78
s830,control,0,0
s255,control,1,46.37
s541,control,0,0
s818,control,0,0
s1009,control,0,0
s21,control,0,0
s2558,v1,0,0
s530,control,1,38.44
s2580,v1,0,0
s2706,v1,0,0
s2008,v1,0,0
s2554,v1,0,0
s888,control,0,0
s760,control,0,0
s2035,v1,0,0
s2083,v1,1,88.71
s519,control,0,0
s1150,control,0,0
s2053,v1,0,0
s2853,v1,0,0
s457,control,0,0
s1040,control,0,0
s169,control,0,0
s2708,v1,0,0
s2785,v1,0,0
s1665,v1,0,0
s1598,v1,0,0
s39,control,0,0
s2794,v1,0,0
s1084,control,0,0
s2605,v1,0,0
s881,control,1,49.97
s1537,v1,0,0
s1440,control,0,0
s2247,v1,0,0
s1103,control,0,0
s1470,control,0,0
s912,control,0,0
s1761,v1,0,0
s1274,control,0,0
s1136,control,0,0
s1392,control,0,0
s947,control,0,0
s2454,v1,0,0
s672,control,0,0
s915,control,0,0
s2540,v1,0,0
s1571,v1,0,0
s1629,v1,0,0
s540,control,0,0
s1737,v1,0,0
s2153,v1,0,0
s2518,v1,0,0
s90,control,0,0
s173,control,0,0
s225,control,0,0
s72,control,0,0
s2219,v1,1,59.25
s1322,control,0,0
s2632,v1,0,0
s2563,v1,0,0
s2565,v1,0,0
s364,control,1,62.45
s1284,control,0,0
s1044,control,0,0
s402,control,0,0
s933,control,0,0
s2236,v1,0,0
s1756,v1,0,0
s683,control,0,0
s66,control,0,0
s2600,v1,0,0
s539,control,0,0
s2051,v1,0,0
s2386,v1,0,0
s23,control,0,0
s466,control,0,0
s2667,v1,0,0
s2224,v1,0,0
s815,control,0,0
s1036,control,0,0
s678,control,0,0
s384,control,0,0
s113,control,0,0
s2220,v1,0,0
s2218,v1,0,0
s2417,v1,0,0
s119,control,0,0
s1204,control,0,0
s476,control,0,0
s560,control,0,0
s2045,v1,0,0
s1650,v1,0,0
s2638,v1,0,0
s1007,control,0,0
s2143,v1,0,0
s2073,v1,1,38.88
s460,control,0,0
s989,control,0,0
s2797,v1,0,0
s849,control,0,0
s2611,v1,0,0
s1477,control,0,0
s983,control,0,0
s1984,v1,0,0
s1994,v1,1,47.61
s2998,v1,0,0
s1785,v1,0,0
s2544,v1,0,0
s2824,v1,0,0
s70,control,0,0
s219,control,0,0
s2265,v1,0,0
s2408,v1,0,0
s2364,v1,0,0
s2996,v1,0,0
s1328,control,0,0
s1264,control,0,0
s2985,v1,0,0
s2675,v1,0,0
s2533,v1,0,0
s646,control,0,0
s2415,v1,0,0
s110,control,0,0
s2025,v1,0,0
s27,control,0,0
s670,control,0,0
s1932,v1,0,0
s41,control,0,0
s945,control,0,0
s1728,v1,0,0
s2457,v1,0,0
s1981,v1,0,0
s361,control,0,0
s1616,v1,0,0
s61,control,0,0
s565,control,0,0
s2583,v1,0,0
s1790,v1,0,0
s2094,v1,0,0
s2528,v1,0,0
s32,control,0,0
s253,control,0,0
s1985,v1,0,0
s2259,v1,0,0
s2622,v1,0,0
s1522,v1,0,0
s312,control,0,0
s2946,v1,1,65.32
s1149,control,0,0
s2122,v1,0,0
s2602,v1,0,0
s1071,control,0,0
s296,control,0,0
s1183,control,0,0
s2511,v1,0,0
s2700,v1,0,0
s807,control,0,0
s898,control,0,0
s2856,v1,0,0
s784,control,0,0
s542,control,0,0
s2550,v1,1,79.68
s1948,v1,0,0
s1245,control,0,0
s2521,v1,0,0
s1401,control,0,0
s1018,control,0,0
s895,control,0,0
s1460,control,0,0
s890,control,0,0
s522,control,0,0
s739,control,1,66.92
s687,control,0,0
s2262,v1,0,0
s2564,v1,0,0
s1396,control,0,0
s1269,control,0,0
s486,control,0,0
s1928,v1,0,0
s1648,v1,0,0
s2300,v1,0,0
s1302,control,0,0
s970,control,0,0
s2692,v1,0,0
s1270,control,0,0
s955,control,0,0
s554,control,0,0
s1930,v1,0,0
s2943,v1,0,0
s717,control,0,0
s865,control,0,0
s473,control,0,0
s897,control,0,0
s2593,v1,0,0
s2508,v1,0,0
s2472,v1,0,0
s327,control,0,0
s1012,control,0,0
s2193,v1,0,0
s706,control,0,0
s2284,v1,0,0
s488,control,0,0
s2074,v1,0,0
s96,control,0,0
s1208,control,0,0
s1777,v1,0,0
s2981,v1,1,48.72
s2173,v1,0,0
s2266,v1,0,0
s2413,v1,0,0
s1399,control,0,0
s1227,control,0,0
s386,control,0,0
s663,control,0,0
s870,control,0,0
s1228,control,0,0
s1157,control,0,0
s1623,v1,0,0
s8,control,0,0
s1133,control,1,38.78
s1675,v1,0,0
s2047,v1,0,0
s2619,v1,0,0
s2466,v1,0,0
s234,control,1,61.65
s2845,v1,0,0
s1782,v1,1,78.95
s586,control,0,0
s904,control,0,0
s757,control,0,0
s729,control,0,0
s2781,v1,0,0
s336,control,0,0
s942,control,0,0
s1609,v1,0,0
s2903,v1,0,0
s159,control,0,0
s919,control,0,0
s1859,v1,1,72.45
s1861,v1,0,0
s2085,v1,1,84.44
s2603,v1,0,0
s2798,v1,0,0
s2936,v1,0,0
s1760,v1,0,0
s1334,control,0,0
s182,control,0,0
s599,control,0,0
s455,control,0,0
s1059,control,0,0
s2607,v1,0,0
s2157,v1,0,0
s2779,v1,0,0
s2260,v1,0,0
s1661,v1,0,0
s363,control,0,0
s315,control,0,0
s1820,v1,0,0
s56,control,0,0
s2913,v1,0,0
s611,control,0,0
s734,control,0,0
s1271,control,0,0
s2197,v1,0,0
s803,control,0,0
s2463,v1,0,0
s1525,v1,0,0
s986,control,0,0
s1490,control,0,0
s2020,v1,0,0
s877,control,0,0
s103,control,0,0
s2967,v1,0,0
s1123,control,0,0
s1383,control,0,0
s1762,v1,0,0
s2654,v1,0,0
s2598,v1,0,0
s2102,v1,0,0
s1735,v1,0,0
s2559,v1,0,0
s741,control,0,0
s1124,control,0,0
s1377,control,0,0
s2893,v1,0,0
s2682,v1,0,0
s1237,control,0,0
s2076,v1,0,0
s1520,v1,0,0
s2874,v1,1,61.01
s2379,v1,0,0
s1604,v1,0,0
s2641,v1,0,0
s1262,control,0,0
s1746,v1,0,0
s2751,v1,0,0
s1542,v1,0,0
s2278,v1,0,0
s2124,v1,0,0
s36,control,0,0
s245,control,0,0
s2501,v1,0,0
s899,control,0,0
s788,control,0,0
s322,control,0,0
s2393,v1,0,0
s694,control,0,0
s2125,v1,0,0
s2088,v1,0,0
s1033,control,0,0
s300,control,0,0
s1954,v1,0,0
s2789,v1,0,0
s2111,v1,0,0
s2000,v1,0,0
s1473,control,0,0
s2566,v1,0,0
s1505,v1,0,0
s2105,v1,0,0
s2268,v1,0,0
s2569,v1,0,0
s763,control,0,0
s2758,v1,0,0
s591,control,0,0
s2571,v1,0,0
s1574,v1,0,0
s1545,v1,0,0
s1125,control,0,0
s552,control,0,0
s1263,control,0,0
s614,control,0,0
s1997,v1,0,0
s1909,v1,0,0
s2056,v1,0,0
s206,control,0,0
s1502,v1,0,0
s566,control,0,0
s442,control,0,0
s1078,control,0,0
s1411,control,0,0
s2480,v1,0,0
s2075,v1,0,0
s1038,control,0,0
s606,control,0,0
s289,control,0,0
s1255,control,0,0
s965,control,0,0
s984,control,0,0
s1606,v1,0,0
s2539,v1,0,0
s2476,v1,0,0
s1230,control,0,0
s1402,control,0,0
s1317,control,0,0
s1199,control,0,0
s353,control,0,0
s1468,control,0,0
s2709,v1,0,0
s367,control,0,0
s164,control,0,0
s1355,control,0,0
s397,control,0,0
s2477,v1,1,68.92
s2626,v1,0,0
s2964,v1,0,0
s571,control,0,0
s2729,v1,0,0
s2848,v1,0,0
s1422,control,0,0
s175,control,0,0
s1253,control,0,0
s1617,v1,0,0
s1960,v1,0,0
s366,control,0,0
s966,control,0,0
s2365,v1,0,0
s1624,v1,0,0
s87,control,0,0
s1201,control,0,0
s436,control,0,0
s1279,control,0,0
s1801,v1,0,0
s2891,v1,0,0
s2548,v1,0,0
s967,control,0,0
s704,control,0,0
s145,control,0,0
s1209,control,0,0
s2861,v1,0,0
s1779,v1,0,0
s481,control,0,0
s2504,v1,0,0
s995,control,0,0
s114,control,0,0
s922,control,0,0
s681,control,0,0
s1608,v1,0,0
s1013,control,0,0
s1163,control,0,0
s1554,v1,0,0
s2318,v1,0,0
s1327,control,0,0
s951,control,0,0
s996,control,0,0
s709,control,0,0
s2350,v1,0,0
s2448,v1,0,0
s775,control,0,0
s1119,control,0,0
s1916,v1,0,0
s2234,v1,0,0
s782,control,0,0
s410,control,0,0
s274,control,0,0
s991,control,0,0
s2388,v1,0,0
s163,control,0,0
s465,control,0,0
s1272,control,0,0
s2507,v1,0,0
s2812,v1,0,0
s109,control,0,0
s2844,v1,0,0
s1417,control,0,0
s2829,v1,0,0
s1058,control,0,0
s809,control,0,0
s1077,control,0,0
s2174,v1,0,0
s1147,control,0,0
s821,control,0,0
s762,control,0,0
s1010,control,0,0
s1408,control,0,0
s1438,control,0,0
s2728,v1,0,0
s630,control,0,0
s1641,v1,0,0
s2649,v1,0,0
s2302,v1,0,0
s1688,v1,0,0
s65,control,0,0
s869,control,0,0
s839,control,0,0
s1923,v1,0,0
s847,control,0,0
s2098,v1,0,0
s1676,v1,0,0
s1412,control,0,0
s891,control,0,0
s191,control,0,0
s650,control,0,0
s1063,control,0,0
s273,control,0,0
s557,control,0,0
s393,control,0,0
s2590,v1,0,0
s1423,control,0,0
s2723,v1,0,0
s93,control,0,0
s197,control,0,0
s1132,control,0,0
s2939,v1,0,0
s2179,v1,0,0
s301,control,0,0
s317,control,0,0
s433,control,0,0
s2146,v1,0,0
s2971,v1,0,0
s1741,v1,0,0
s325,control,0,0
s2084,v1,0,0
s2916,v1,0,0
s563,control,0,0
s258,control,0,0
s2178,v1,1,56.99
s2759,v1,0,0
s1671,v1,0,0
s501,control,0,0
s226,control,0,0
s1807,v1,0,0
s2068,v1,0,0
s1874,v1,0,0
s2721,v1,0,0
s349,control,0,0
s854,control,0,0
s1966,v1,0,0
s1710,v1,0,0
s329,control,0,0
s2906,v1,0,0
s1501,v1,0,0
s269,control,0,0
s598,control,0,0
s2762,v1,0,0
s261,control,0,0
s2366,v1,0,0
s2308,v1,0,0
s789,control,1,73.11
s1200,control,0,0
s1766,v1,0,0
s1122,control,0,0
s1186,control,0,0
s556,control,0,0
s1800,v1,0,0
s2931,v1,0,0
s1879,v1,0,0
s1824,v1,0,0
s231,control,0,0
s2930,v1,0,0
s1415,control,0,0
s2980,v1,0,0
s885,control,0,0
s2271,v1,0,0
s767,control,0,0
s2403,v1,0,0
s654,control,0,0
s2635,v1,0,0
s2137,v1,0,0
s2012,v1,0,0
s2661,v1,0,0
s590,control,0,0
s1850,v1,0,0
s1246,control,0,0
s2473,v1,0,0
s1048,control,0,0
s2628,v1,0,0
s548,control,0,0
s1161,control,0,0
s561,control,0,0
s2409,v1,0,0
s470,control,0,0
s1706,v1,0,0
s1952,v1,0,0
s1419,control,0,0
s343,control,0,0
s1929,v1,0,0
s518,control,0,0
s2531,v1,0,0
s2339,v1,0,0
s2786,v1,0,0
s1847,v1,0,0
s257,control,0,0
s2983,v1,0,0
s968,control,0,0
s2310,v1,0,0
s1896,v1,0,0
s2435,v1,0,0
s495,control,0,0
s2167,v1,0,0
s205,control,0,0
s2693,v1,0,0
s2621,v1,0,0
s2519,v1,0,0
s2358,v1,0,0
s2232,v1,0,0
s1153,control,0,0
s1974,v1,0,0
s2807,v1,0,0
s816,control,0,0
s2699,v1,1,86.86
s1990,v1,0,0
s582,control,0,0
s1839,v1,0,0
s2773,v1,0,0
s2198,v1,0,0
s1539,v1,1,42.71
s2231,v1,0,0
s15,control,0,0
s1087,control,0,0
s2500,v1,0,0
s1000,control,0,0
s512,control,0,0
s2374,v1,0,0
s1076,control,0,0
s2355,v1,0,0
s1809,v1,1,54.72
s513,control,0,0
s230,control,0,0
s1223,control,0,0
s2189,v1,0,0
s2753,v1,0,0
s2387,v1,0,0
s924,control,0,0
s979,control,0,0
s1776,v1,0,0
s2691,v1,0,0
s190,control,0,0
s1459,control,0,0
s337,control,0,0
s2898,v1,0,0
s11,control,0,0
s174,control,0,0
s1210,control,0,0
s2367,v1,0,0
s275,control,0,0
s2273,v1,0,0
s2741,v1,1,111.55
s211,control,0,0
s2019,v1,0,0
s2217,v1,0,0
s886,control,0,0
s2808,v1,0,0
s2919,v1,0,0
s2062,v1,0,0
s640,control,0,0
s1211,control,0,0
s2546,v1,0,0
s831,control,1,90.22
s1321,control,0,0
s953,control,0,0
s2890,v1,1,69.47
s999,control,0,0
s207,control,0,0
s2109,v1,0,0
s1457,control,0,0
s122,control,0,0
s1898,v1,0,0
s422,control,1,37.48
s1764,v1,0,0
s2181,v1,0,0
s773,control,0,0
s1256,control,0,0
s1286,control,0,0
s2878,v1,0,0
s1508,v1,0,0
s1696,v1,0,0
s1721,v1,0,0
s2023,v1,0,0
s655,control,0,0
s118,control,0,0
s603,control,0,0
s75,control,0,0
s906,control,0,0
s347,control,0,0
s956,control,1,77.22
s1113,control,0,0
s2873,v1,0,0
s1597,v1,0,0
s1369,control,0,0
s202,control,0,0
s669,control,0,0
s2522,v1,0,0
s2447,v1,0,0
s1998,v1,0,0
s374,control,0,0
s2710,v1,0,0
s6,control,0,0
s780,control,0,0
s840,control,0,0
s1503,v1,0,0
s1621,v1,0,0
s351,control,0,0
s2495,v1,0,0
s1202,control,0,0
s1177,control,0,0
s1130,control,0,0
s2630,v1,0,0
s2858,v1,0,0
s2859,v1,0,0
s517,control,0,0
s1349,control,0,0
s1698,v1,0,0
s2822,v1,0,0
s2588,v1,0,0
s478,control,0,0
s2907,v1,0,0
s18,control,0,0
s2155,v1,0,0
s161,control,0,0
s2376,v1,0,0
s1838,v1,0,0
s115,control,0,0
s2029,v1,0,0
s1829,v1,0,0
s2999,v1,0,0
s2432,v1,0,0
s538,control,0,0
s2834,v1,0,0
s2160,v1,0,0
s2864,v1,0,0
s520,control,0,0
s2100,v1,0,0
s407,control,0,0
s2543,v1,0,0
s2694,v1,0,0
s368,control,0,0
s1465,control,0,0
s1037,control,0,0
s2535,v1,0,0
s2303,v1,1,44.54
s1310,control,0,0
s1751,v1,0,0
s1860,v1,0,0
s2696,v1,0,0
s699,control,0,0
s894,control,0,0
s390,control,0,0
s1064,control,0,0
s94,control,0,0
s287,control,0,0
s1577,v1,0,0
s1804,v1,0,0
s2811,v1,0,0
s1101,control,0,0
s2091,v1,1,36.89
s2865,v1,0,0
s1570,v1,0,0
s551,control,0,0
s1899,v1,0,0
s2899,v1,0,0
s445,control,0,0
s2324,v1,0,0
s647,control,0,0
s2787,v1,0,0
s396,control,0,0
s1015,control,0,0
s535,control,0,0
s1420,control,0,0
s227,control,0,0
s1547,v1,0,0
s1273,control,0,0
s547,control,0,0
s1166,control,0,0
s2541,v1,0,0
s1672,v1,0,0
s268,control,0,0
s1466,control,0,0
s2191,v1,0,0
s1090,control,0,0
s2147,v1,0,0
s2001,v1,0,0
s1389,control,0,0
s1195,control,0,0
s1707,v1,0,0
s1236,control,1,70.78
s2145,v1,0,0
s59,control,0,0
s2515,v1,0,0
s2509,v1,0,0
s1233,control,0,0
s2704,v1,0,0
s2362,v1,0,0
s802,control,0,0
s1391,control,0,0
s188,control,0,0
s1462,control,0,0
s1733,v1,0,0
s2884,v1,0,0
s376,control,0,0
s510,control,0,0
s2430,v1,0,0
s2926,v1,0,0
s2359,v1,1,75.48
s2883,v1,1,28.51
s265,control,0,0
s1126,control,1,65.16
s1296,control,0,0
s1618,v1,0,0
s2335,v1,0,0
s2581,v1,0,0
s2520,v1,0,0
s1335,control,0,0
s2911,v1,1,66.56
s47,control,0,0
s1626,v1,0,0
s2990,v1,0,0
s859,control,0,0
s142,control,0,0
s811,control,0,0
s2431,v1,0,0
s1986,v1,0,0
s2014,v1,0,0
s1326,control,0,0
s20,control,0,0
s256,control,0,0
s1489,control,0,0
s1499,control,0,0
s697,control,0,0
s60,control,0,0
s1883,v1,0,0
s2582,v1,0,0
s302,control,1,60.38
s1987,v1,0,0
s1913,v1,0,0
s216,control,0,0
s2251,v1,0,0
s222,control,0,0
s1429,control,0,0
s2677,v1,0,0
s1390,control,0,0
s341,control,0,0
s1452,control,0,0
s718,control,0,0
s1257,control,0,0
s711,control,0,0
s85,control,0,0
s549,control,0,0
s2857,v1,0,0
s2678,v1,0,0
s908,control,0,0
s2738,v1,0,0
s929,control,0,0
s1003,control,0,0
s1630,v1,0,0
s16,control,0,0
s2877,v1,0,0
s446,control,0,0
s2246,v1,0,0
s1812,v1,0,0
s1849,v1,0,0
s615,control,0,0
s841,control,0,0
s2814,v1,0,0
s1660,v1,0,0
s1552,v1,0,0
s278,control,0,0
s2502,v1,0,0
s1506,v1,0,0
s2553,v1,0,0
s2875,v1,0,0
s817,control,0,0
s1831,v1,1,64.66
s2396,v1,0,0
s195,control,0,0
s2905,v1,0,0
s2097,v1,0,0
s252,control,0,0
s1611,v1,0,0
s179,control,0,0
s2737,v1,0,0
s305,control,0,0
s2760,v1,0,0
s2836,v1,0,0
s1680,v1,0,0
s153,control,0,0
s475,control,1,37.86
s927,control,0,0
s713,control,0,0
s866,control,0,0
s1055,control,0,0
s602,control,0,0
s559,control,0,0
s1329,control,0,0
s2469,v1,0,0
s2151,v1,0,0
s1112,control,0,0
s2087,v1,0,0
s1439,control,0,0
s525,control,0,0
s1936,v1,0,0
s2378,v1,0,0
s1139,control,0,0
s1821,v1,0,0
s420,control,0,0
s2245,v1,0,0
s1079,control,0,0
s333,control,0,0
s485,control,0,0
s993,control,0,0
s409,control,1,70.14
s971,control,0,0
s2813,v1,0,0
s2923,v1,0,0
s2718,v1,0,0
s531,control,0,0
s80,control,0,0
s1280,control,0,0
s2872,v1,0,0
s1432,control,0,0
s2484,v1,0,0
s1976,v1,0,0
s1884,v1,1,48.93
s812,control,0,0
s1002,control,0,0
s936,control,0,0
s2171,v1,0,0
s78,control,0,0
s1276,control,0,0
s2442,v1,0,0
s2896,v1,0,0
s1783,v1,0,0
s2150,v1,0,0
s1937,v1,0,0
s2110,v1,0,0
s1681,v1,0,0
s2955,v1,0,0
s1367,control,0,0
s746,control,0,0
s450,control,1,83.36
s2054,v1,0,0
s2264,v1,0,0
s1120,control,0,0
s515,control,0,0
s1826,v1,0,0
s509,control,0,0
s1895,v1,0,0
s1563,v1,0,0
s2375,v1,0,0
s428,control,0,0
s700,control,0,0
s1386,control,0,0
s1019,control,0,0
s2925,v1,0,0
s2695,v1,0,0
s2687,v1,0,0
s2817,v1,0,0
s2163,v1,0,0
s2411,v1,0,0
s249,control,0,0
s2614,v1,0,0
s1677,v1,0,0
s332,control,0,0
s1127,control,0,0
s1551,v1,0,0
s921,control,0,0
s1345,control,0,0
s29,control,0,0
s1768,v1,0,0
s1258,control,0,0
s461,control,0,0
s2714,v1,0,0
s592,control,0,0
s2648,v1,0,0
s2307,v1,0,0
s675,control,0,0
s2380,v1,0,0
s30,control,0,0
s1538,v1,0,0
s2932,v1,0,0
s1946,v1,0,0
s2455,v1,0,0
s204,control,0,0
s2289,v1,0,0
s2451,v1,0,0
s2200,v1,0,0
s2525,v1,0,0
s214,control,0,0
s2113,v1,0,0
s2152,v1,0,0
s2372,v1,0,0
s2185,v1,0,0
s1891,v1,0,0
s1232,control,0,0
s581,control,0,0
s1600,v1,0,0
s2061,v1,0,0
s1105,control,0,0
s2960,v1,0,0
s1409,control,0,0
s398,control,0,0
s2021,v1,0,0
s2280,v1,0,0
s1646,v1,0,0
s416,control,0,0
s1717,v1,0,0
s99,control,0,0
s666,control,0,0
s2756,v1,0,0
s2196,v1,0,0
s1818,v1,0,0
s2645,v1,0,0
s1476,control,0,0
s117,control,1,96.27
s81,control,0,0
s2679,v1,0,0
s1969,v1,0,0
s121,control,0,0
s974,control,0,0
s471,control,0,0
s644,control,0,0
s2707,v1,0,0
s1215,control,0,0
s31,control,0,0
s213,control,0,0
s2551,v1,0,0
s1106,control,0,0
s2881,v1,0,0
s1548,v1,0,0
s2013,v1,0,0
s2800,v1,0,0
s1376,control,0,0
s2757,v1,1,69.96
s1869,v1,0,0
s69,control,0,0
s2994,v1,0,0
s1192,control,0,0
s2206,v1,1,71.71
s2315,v1,0,0
s1638,v1,0,0
s1196,control,0,0
s2238,v1,0,0
s1108,control,0,0
s1689,v1,0,0
s1259,control,0,0
s209,control,0,0
s259,control,0,0
s2048,v1,0,0
s932,control,0,0
s1793,v1,0,0
s1395,control,0,0
s2449,v1,0,0
s1654,v1,0,0
s1006,control,0,0
s1687,v1,0,0
s293,control,0,0
s2689,v1,0,0
s2438,v1,0,0
s2993,v1,0,0
s1633,v1,0,0
s2835,v1,0,0
s1198,control,0,0
s1171,control,1,58.47
s1212,control,0,0
s208,control,0,0
s138,control,0,0
s2089,v1,0,0
s1703,v1,0,0
s359,control,0,0
s835,control,0,0
s1307,control,0,0
s2406,v1,0,0
s310,control,0,0
s1811,v1,0,0
s2950,v1,0,0
s1880,v1,0,0
s497,control,0,0
s916,control,0,0
s822,control,0,0
s1348,control,0,0
s701,control,0,0
s391,control,0,0
s2942,v1,0,0
s1406,control,0,0
s2462,v1,0,0
s1221,control,0,0
s263,control,0,0
s1073,control,0,0
s411,control,0,0
s1933,v1,0,0
s365,control,0,0
s1455,control,0,0
s2004,v1,0,0
s1852,v1,0,0
s181,control,0,0
s1241,control,0,0
s2774,v1,1,72.25
s1926,v1,0,0
s2954,v1,0,0
s2831,v1,0,0
s774,control,0,0
s819,control,0,0
s342,control,0,0
s764,control,0,0
s946,control,1,64.31
s1819,v1,0,0
s63,control,0,0
s1398,control,0,0
s432,control,0,0
s755,control,0,0
s723,control,0,0
s1379,control,0,0
s1564,v1,0,0
s2534,v1,0,0
s2419,v1,0,0
s242,control,1,64.36
s562,control,0,0
s1275,control,0,0
s468,control,0,0
s1511,v1,0,0
s917,control,0,0
s1298,control,0,0
s335,control,0,0
s2924,v1,0,0
s1437,control,0,0
s920,control,0,0
s2739,v1,0,0
s1744,v1,0,0
s326,control,0,0
s2253,v1,0,0
s134,control,0,0
s1472,control,0,0
s2305,v1,0,0
s1586,v1,0,0
s2154,v1,0,0
s186,control,0,0
s632,control,0,0
s2852,v1,0,0
s2322,v1,0,0
s1337,control,0,0
s2072,v1,0,0
s1865,v1,0,0
s1517,v1,0,0
s1917,v1,0,0
s112,control,0,0
s1872,v1,0,0
s1791,v1,0,0
s2827,v1,0,0
s2203,v1,0,0
s2976,v1,0,0
s1167,control,0,0
s988,control,0,0
s372,control,0,0
s1445,control,0,0
s523,control,0,0
s1941,v1,0,0
s22,control,1,51.79
s373,control,0,0
s948,control,0,0
s1752,v1,0,0
s674,control,0,0
s1498,control,0,0
s494,control,0,0
s2869,v1,0,0
s855,control,0,0
s2400,v1,0,0
s2026,v1,0,0
s730,control,0,0
s1803,v1,1,88.35
s2705,v1,0,0
s1951,v1,0,0
s651,control,0,0
s2567,v1,0,0
s1556,v1,0,0
s2668,v1,0,0
s876,control,0,0
s13,control,0,0
s2937,v1,0,0
s2383,v1,0,0
s2209,v1,1,66.78
s2183,v1,0,0
s2323,v1,0,0
s810,control,0,0
s2443,v1,0,0
s564,control,0,0
s2832,v1,0,0
s438,control,0,0
s2968,v1,1,44.84
s2767,v1,1,51.94
s244,control,0,0
s1054,control,0,0
s171,control,0,0
s1894,v1,0,0
s1754,v1,0,0
s833,control,0,0
s2680,v1,0,0
s2133,v1,0,0
s1346,control,0,0
s1692,v1,0,0
s745,control,0,0
s2732,v1,0,0
s2421,v1,1,58.68
s2733,v1,0,0
s2655,v1,0,0
s1095,control,0,0
s1426,control,0,0
s285,control,0,0
s867,control,0,0
s382,control,0,0
s2948,v1,0,0
s2244,v1,0,0
s2017,v1,0,0
s5,control,0,0
s1716,v1,0,0
s1370,control,0,0
s425,control,0,0
s1359,control,0,0
s2498,v1,0,0
s2575,v1,0,0
s1145,control,0,0
s2352,v1,0,0
s2312,v1,0,0
s692,control,0,0
s1907,v1,0,0
s574,control,0,0
s1799,v1,0,0
s467,control,0,0
s1268,control,1,83.1
s658,control,0,0
s194,control,0,0
s595,control,0,0
s379,control,0,0
s1823,v1,0,0
s2921,v1,0,0
s2491,v1,0,0
s2823,v1,0,0
s2112,v1,0,0
s1694,v1,0,0
s2172,v1,0,0
s2127,v1,0,0
s648,control,0,0
s490,control,0,0
s2742,v1,0,0
s1281,control,0,0
s544,control,0,0
s1938,v1,0,0
s147,control,0,0
s2646,v1,0,0
s1858,v1,0,0
s321,control,0,0
s1207,control,0,0
s1213,control,0,0
s2368,v1,1,44.05
s1299,control,0,0
s1226,control,0,0
s641,control,0,0
s2527,v1,0,0
s2974,v1,0,0
s733,control,0,0
s380,control,0,0
s2064,v1,0,0
s399,control,0,0
s2688,v1,0,0
s2283,v1,0,0
s2992,v1,0,0
s370,control,0,0
s2941,v1,0,0
s1400,control,0,0
s516,control,0,0
s2972,v1,0,0
s2353,v1,0,0
s2802,v1,1,45.46
s2549,v1,0,0
s1474,control,0,0
s546,control,0,0
s1057,control,0,0
s1449,control,0,0
s1796,v1,0,0
s3000,v1,0,0
s2115,v1,0,0
s143,control,0,0
s1306,control,0,0
s1309,control,0,0
s1999,v1,0,0
s2453,v1,0,0
s1915,v1,0,0
s1857,v1,0,0
s992,control,0,0
s62,control,0,0
s2270,v1,0,0
s2471,v1,0,0
s339,control,0,0
s318,control,0,0
s1718,v1,0,0
s492,control,1,35.92
s49,control,1,67.9
s785,control,0,0
s2034,v1,0,0
s1336,control,1,89.11
s2334,v1,0,0
s2617,v1,0,0
s858,control,0,0
s124,control,0,0
s1965,v1,1,68.27
s1252,control,0,0
s1140,control,0,0
s1739,v1,0,0
s1191,control,1,57.26
s826,control,0,0
s1940,v1,0,0
s2866,v1,0,0
s1446,control,0,0
s276,control,0,0
s387,control,0,0
s926,control,0,0
s2006,v1,0,0
s1043,control,0,0
s2188,v1,0,0
s344,control,0,0
s2579,v1,0,0
s2175,v1,0,0
s2615,v1,0,0
s583,control,0,0
s2867,v1,0,0
s480,control,0,0
s2606,v1,0,0
s1550,v1,0,0
s2424,v1,1,77.08
s1240,control,0,0
s712,control,0,0
s413,control,0,0
s2330,v1,0,0
s1292,control,0,0
s1575,v1,0,0
s1030,control,0,0
s183,control,0,0
s2633,v1,0,0
s2792,v1,1,79.24
s1582,v1,0,0
s1178,control,0,0
s631,control,0,0
s2770,v1,1,48.69
s2820,v1,0,0
s1100,control,0,0
s2298,v1,0,0
s1442,control,0,0
s1908,v1,0,0
s1444,control,0,0
s1026,control,0,0
s2652,v1,0,0
s506,control,0,0
s1500,control,1,25.67
s1682,v1,0,0
s1534,v1,0,0
s2656,v1,0,0
s969,control,0,0
s1666,v1,0,0
s1771,v1,0,0
s2492,v1,0,0
s2512,v1,0,0
s2126,v1,0,0
s2450,v1,0,0
s2071,v1,0,0
s2879,v1,0,0
s369,control,0,0
s527,control,0,0
s1016,control,1,58.58
s2481,v1,0,0
s2485,v1,0,0
s923,control,0,0
s722,control,0,0
s316,control,0,0
s1512,v1,0,0
s813,control,0,0
s1494,control,0,0
s1991,v1,0,0
s2640,v1,0,0
s2033,v1,0,0
s1725,v1,0,0
